[
  {
    "id": 1,
    "nombre": "RTX 4090 Gaming Pro",
    "descripcion": "Tarjeta gráfica NVIDIA GeForce RTX 4090 con 24GB GDDR6X, ideal para gaming en 4K y streaming",
    "precio": 159900,
    "imagen": "https://i.ibb.co/8DD4nVnX/descarga.jpg",
    "categoria": "GPU",
    "stock": 10
  },
  {
    "id": 2,
    "nombre": "Ryzen 9 7950X",
    "descripcion": "Procesador AMD Ryzen 9 7950X 16-Core 4.5GHz, máximo rendimiento para gaming y productividad",
    "precio": 699000,
    "imagen": "https://i.ibb.co/FLDj5rbb/Ryzen-9-7950-X.jpg",
    "categoria": "CPU",
    "stock": 15
  },
  {
    "id": 3,
    "nombre": "Teclado Mecánico RGB",
    "descripcion": "Teclado mecánico gaming con switches blue y retroiluminación RGB personalizable",
    "precio": 129000,
    "imagen": "https://i.ibb.co/dJBHQSwJ/Teclado-Mec-nico-RGB.jpg",
    "categoria": "Periféricos",
    "stock": 20
  },
  {
    "id": 4,
    "nombre": "Mouse Gamer Pro",
    "descripcion": "Mouse gaming ergonómico con sensor 16000 DPI y 7 botones programables",
    "precio": 799000,
    "imagen": "https://i.ibb.co/KSftnPH/Mouse-Gamer-Pro.jpg",
    "categoria": "Periféricos",
    "stock": 25
  },
  {
    "id": 5,
    "nombre": "Monitor 4K 27",
    "descripcion": "Monitor gaming 27 pulgadas 4K UHD 144Hz con tecnología FreeSync y HDR",
    "precio": 499000,
    "imagen": "https://i.ibb.co/nqdFDx4d/Monitor-4-K-27.jpg",
    "categoria": "Monitores",
    "stock": 8
  },
  {
    "id": 6,
    "nombre": "Auriculares 7.1 Surround",
    "descripcion": "Auriculares gaming con sonido surround 7.1, micrófono retráctil y almohadillas memory foam",
    "precio": 89000,
    "imagen": "https://i.ibb.co/yF3WsrqX/Auriculares-7-1-Surround.jpg",
    "categoria": "Audio",
    "stock": 30
  }
]